timestamp,water_temp,oat,heater_state,pump_state,pump_speed,waterfall_state,forecast_high,swimming_day
2026-04-08 20:10:00,78,64,off,on,55,off,75.0,No - Forecast 75.0°F
2026-04-08 20:20:00,unknown,64,off,off,0,off,75.0,No - Forecast 75.0°F
2026-04-08 20:30:00,78,64,off,off,0,off,75.0,No - Forecast 75.0°F
2026-04-08 20:40:00,unknown,64,off,on,65,off,75.0,No - Forecast 75.0°F
2026-04-08 20:50:00,78,64,off,on,65,off,75.0,No - Forecast 75.0°F
2026-04-08 21:00:00,unknown,64,off,on,0,off,75.0,No - Forecast 75.0°F
2026-04-08 21:10:00,78,64,off,on,65,off,75.0,No
2026-04-08 21:20:00,unknown,64,off,off,0,off,75.0,No
2026-04-08 21:30:00,78,64,off,on,65,off,75.0,No
2026-04-08 21:40:00,unknown,64,off,off,0,off,75.0,No
2026-04-08 21:50:00,78,64,off,on,65,off,75.0,No
2026-04-08 22:00:00,unknown,64,off,off,0,off,75.0,No
2026-04-08 22:10:00,78,64,off,on,65,off,75.0,No
2026-04-08 22:20:00,unknown,64,off,off,0,off,75.0,No
2026-04-08 22:30:00,78,64,off,on,65,off,75.0,No
2026-04-08 22:40:00,unknown,64,off,off,0,off,75.0,No
2026-04-08 22:50:00,78,64,off,on,65,off,75.0,No
2026-04-08 23:00:00,unknown,64,off,off,0,off,75.0,No
2026-04-08 23:10:00,78,64,off,on,65,off,75.0,No
2026-04-08 23:20:00,unknown,64,off,off,0,off,75.0,No
2026-04-08 23:30:00,78,64,off,on,65,off,75.0,No
2026-04-08 23:40:00,unknown,64,off,off,0,off,75.0,No
2026-04-08 23:50:00,78,64,off,on,65,off,75.0,No
2026-04-09 00:00:00,unknown,64,off,off,0,off,75.0,No
2026-04-09 00:10:00,78,63,off,on,65,off,75.0,No
2026-04-09 00:20:00,unknown,63,off,off,0,off,75.0,No
2026-04-09 00:30:00,78,63,off,on,65,off,75.0,No
2026-04-09 00:40:00,unknown,63,off,off,0,off,75.0,No
2026-04-09 00:50:00,78,63,off,on,65,off,75.0,No
2026-04-09 01:00:00,unknown,63,off,off,0,off,75.0,No
2026-04-09 01:10:00,78,63,off,on,65,off,75.0,No
2026-04-09 01:20:00,unknown,63,off,off,0,off,75.0,No
2026-04-09 01:30:00,78,63,off,on,65,off,75.0,No
2026-04-09 01:40:00,unknown,63,off,off,0,off,75.0,No
2026-04-09 01:50:00,78,63,off,on,65,off,75.0,No
2026-04-09 02:00:00,unknown,63,off,off,0,off,75.0,No
2026-04-09 02:10:00,78,63,off,off,0,off,75.0,No
2026-04-09 02:20:00,unknown,63,off,off,0,off,75.0,No
2026-04-09 02:30:00,78,63,off,on,65,off,75.0,No
2026-04-09 02:40:00,unknown,63,off,off,0,off,75.0,No
2026-04-09 02:50:00,78,63,off,on,65,off,75.0,No
2026-04-09 03:00:00,unknown,63,off,off,0,off,75.0,No
2026-04-09 03:10:00,78,63,off,off,0,off,75.0,No
2026-04-09 03:20:00,unknown,63,off,off,0,off,75.0,No
2026-04-09 03:30:00,78,63,off,on,65,off,75.0,No
2026-04-09 03:40:00,unknown,63,off,on,0,off,75.0,No
2026-04-09 03:50:00,77,63,off,off,0,off,75.0,No
2026-04-09 04:00:00,unknown,63,off,on,65,off,75.0,No
2026-04-09 04:10:00,77,63,off,on,65,off,75.0,No
2026-04-09 04:20:00,unknown,63,off,off,0,off,75.0,No
2026-04-09 04:30:00,77,63,off,on,65,off,75.0,No
2026-04-09 04:40:00,unknown,63,off,off,0,off,75.0,No
2026-04-09 04:50:00,77,63,off,on,65,off,75.0,No
2026-04-09 05:00:00,unknown,63,off,off,0,off,75.0,No
2026-04-09 05:10:00,77,63,off,on,65,off,75.0,No
2026-04-09 05:20:00,unknown,63,off,off,0,off,75.0,No
2026-04-09 05:30:00,77,63,off,on,65,off,75.0,No
2026-04-09 05:40:00,unknown,63,off,off,0,off,75.0,No
2026-04-09 05:50:00,77,63,off,on,65,off,75.0,No
2026-04-09 06:00:00,unknown,63,off,off,0,off,75.0,No
2026-04-09 06:10:00,77,63,on,off,0,off,75.0,No
2026-04-09 06:20:00,unknown,63,off,on,65,off,75.0,No
2026-04-09 06:30:00,77,63,on,off,0,off,75.0,No
2026-04-09 06:40:00,unknown,63,off,off,0,off,75.0,No
2026-04-09 06:50:00,77,63,off,on,65,off,75.0,No
2026-04-09 07:00:00,unknown,63,off,off,0,off,75.0,No
2026-04-09 07:10:00,77,63,on,off,0,off,75.0,No
2026-04-09 07:20:00,unknown,63,off,off,0,off,75.0,No
2026-04-09 07:30:00,77,63,on,off,0,off,75.0,No
2026-04-09 07:40:00,unknown,63,off,off,0,off,75.0,No
2026-04-09 07:50:00,77,63,off,on,65,off,75.0,No
2026-04-09 08:00:00,unknown,63,off,on,65,off,75.0,No
2026-04-09 08:10:00,77,63,off,on,65,off,75.0,No
2026-04-09 08:20:00,77,64,off,on,65,on,75.0,No
2026-04-09 08:30:00,77,64,off,on,65,on,75.0,No
2026-04-09 08:40:00,77,64,off,on,65,on,75.0,No
2026-04-09 08:50:00,77,64,off,on,65,on,75.0,No
2026-04-09 09:00:00,77,66,off,on,65,on,75.0,No
2026-04-09 09:10:00,77,68,off,on,65,on,75.0,No
2026-04-09 09:20:00,77,68,off,on,65,on,75.0,No
2026-04-09 09:30:00,77,68,off,on,65,on,75.0,No
2026-04-09 09:40:00,77,70,off,on,65,on,75.0,No
2026-04-09 09:50:00,77,72,off,on,65,on,75.0,No
2026-04-09 10:00:00,77,73,off,on,65,on,75.0,No
2026-04-09 10:10:00,77,73,off,on,65,on,75.0,No
2026-04-09 10:20:00,77,72,off,on,65,on,75.0,No
2026-04-09 10:30:00,78,73,off,on,65,on,75.0,No
2026-04-09 10:40:00,77,73,off,on,65,on,75.0,No
2026-04-09 10:50:00,77,73,off,on,65,on,75.0,No
2026-04-09 11:00:00,78,75,off,on,65,on,75.0,No
2026-04-09 11:10:00,78,75,off,on,65,on,75.0,No
2026-04-09 11:20:00,78,75,off,on,65,on,75.0,No
2026-04-09 11:30:00,78,73,off,on,65,on,75.0,No
2026-04-09 11:40:00,78,75,off,on,65,on,75.0,No
2026-04-09 11:50:00,78,75,off,on,65,on,75.0,No
2026-04-09 12:00:00,78,75,off,on,65,on,75.0,No
2026-04-09 12:10:00,78,75,off,on,65,on,75.0,No
2026-04-09 12:20:00,77,75,off,on,65,on,75.0,No
2026-04-09 12:30:00,78,73,off,on,65,on,75.0,No
2026-04-09 12:40:00,78,75,off,on,65,on,75.0,No
2026-04-09 12:50:00,78,75,off,on,65,on,75.0,No
2026-04-09 13:00:00,78,73,off,on,65,on,75.0,No
2026-04-09 13:20:00,78,73,off,on,65,on,75.0,No
2026-04-09 13:30:00,78,72,off,on,65,on,75.0,No
2026-04-09 13:40:00,78,72,off,on,65,on,75.0,No
2026-04-09 13:50:00,78,73,off,on,65,on,75.0,No
2026-04-09 14:00:00,78,73,off,on,65,on,75.0,No
2026-04-09 14:10:00,78,72,off,on,65,on,75.0,No
2026-04-09 14:20:00,78,73,off,on,65,on,75.0,No
2026-04-09 14:30:00,78,73,off,on,65,on,75.0,No
2026-04-09 14:40:00,78,73,off,on,65,on,75.0,No
2026-04-09 14:50:00,78,75,off,on,65,on,75.0,No
2026-04-09 15:00:00,78,75,off,on,65,on,75.0,No
2026-04-09 15:10:00,78,75,off,on,65,on,75.0,No
2026-04-09 15:20:00,78,75,off,on,65,on,75.0,No
2026-04-09 15:30:00,78,75,off,on,65,on,75.0,No
2026-04-09 15:40:00,78,73,off,on,65,on,75.0,No
2026-04-09 15:50:00,78,75,off,on,65,on,75.0,No
2026-04-09 16:00:00,78,75,off,on,65,on,75.0,No
2026-04-09 16:10:00,78,75,off,on,65,on,75.0,No
2026-04-09 16:20:00,78,75,off,on,65,on,75.0,No
2026-04-09 16:30:00,78,75,off,on,65,on,75.0,No
2026-04-09 16:40:00,78,75,off,on,65,on,75.0,No
2026-04-09 16:50:00,78,75,off,on,65,on,75.0,No
2026-04-09 17:00:00,78,75,off,on,65,on,75.0,No
2026-04-09 17:10:00,78,75,off,on,65,on,75.0,No
2026-04-09 17:20:00,78,75,off,on,65,on,75.0,No
2026-04-09 17:30:00,78,73,off,on,65,on,75.0,No
2026-04-09 17:50:00,78,73,off,on,65,on,75.0,No
2026-04-09 18:00:00,78,73,off,on,65,on,75.0,No
2026-04-09 18:10:00,78,73,off,on,65,on,75.0,No
2026-04-09 18:20:00,78,73,off,on,65,on,75.0,No
2026-04-09 18:30:00,78,73,off,on,65,on,75.0,No
2026-04-09 18:40:00,78,73,off,on,65,on,75.0,No
2026-04-09 18:50:00,78,73,off,on,65,on,75.0,No
2026-04-09 19:00:00,77,72,off,on,65,on,75.0,No
2026-04-09 19:10:00,77,72,off,on,65,on,75.0,No
2026-04-09 19:20:00,77,72,off,on,65,on,75.0,No
2026-04-09 19:30:00,77,72,off,on,65,on,75.0,No
2026-04-09 19:40:00,77,72,off,on,65,on,75.0,No
2026-04-09 19:50:00,77,72,off,on,65,on,75.0,No
2026-04-09 20:00:00,77,70,off,on,65,on,75.0,No
2026-04-09 20:50:00,77,68,off,on,65,off,75.0,No
2026-04-09 21:10:00,77,68,off,on,65,off,75.0,No
2026-04-09 21:30:00,77,68,off,on,65,off,75.0,No
2026-04-09 21:50:00,77,66,off,on,65,off,75.0,No
2026-04-09 22:00:00,unknown,66,off,on,65,off,75.0,No
2026-04-09 22:10:00,77,66,off,on,65,off,75.0,No
2026-04-09 22:30:00,76,64,off,on,65,off,75.0,No
2026-04-09 22:40:00,unknown,64,off,on,0,off,75.0,No
2026-04-09 22:50:00,76,64,off,on,65,off,75.0,No
2026-04-09 23:10:00,76,64,off,on,65,off,75.0,No
2026-04-09 23:30:00,76,64,off,on,65,off,75.0,No
2026-04-09 23:50:00,76,64,off,on,65,off,75.0,No
2026-04-10 00:00:00,unknown,63,off,on,0,off,75.0,No
2026-04-10 00:10:00,76,63,off,on,65,off,81.0,Yes
2026-04-10 00:20:00,76,63,off,on,65,off,81.0,Yes
2026-04-10 00:30:00,76,63,off,on,65,off,81.0,Yes
2026-04-10 00:40:00,76,63,off,on,65,off,81.0,Yes
2026-04-10 00:50:00,76,63,off,on,65,off,81.0,Yes
2026-04-10 01:00:00,76,63,off,on,65,off,81.0,Yes
2026-04-10 01:10:00,76,63,off,on,65,off,81.0,Yes
2026-04-10 01:20:00,76,63,off,on,65,off,81.0,Yes
2026-04-10 01:30:00,76,63,off,on,65,off,81.0,Yes
2026-04-10 01:40:00,76,63,off,on,65,off,81.0,Yes
2026-04-10 01:50:00,76,63,off,on,65,off,81.0,Yes
2026-04-10 02:00:00,76,63,off,on,65,off,81.0,Yes
2026-04-10 02:10:00,76,63,off,on,65,off,81.0,Yes
2026-04-10 02:20:00,76,63,off,on,65,off,81.0,Yes
2026-04-10 02:30:00,76,61,off,on,65,off,81.0,Yes
2026-04-10 02:40:00,76,61,off,on,65,off,81.0,Yes
2026-04-10 02:50:00,76,61,off,on,65,off,81.0,Yes
2026-04-10 03:00:00,76,61,off,on,65,off,81.0,Yes
2026-04-10 03:10:00,76,61,off,on,65,off,81.0,Yes
2026-04-10 03:20:00,76,61,off,on,65,off,81.0,Yes
2026-04-10 03:30:00,76,61,off,on,65,off,81.0,Yes
2026-04-10 03:40:00,75,61,off,on,65,off,81.0,Yes
2026-04-10 03:50:00,75,61,off,on,65,off,81.0,Yes
2026-04-10 04:00:00,75,61,off,on,65,off,81.0,Yes
2026-04-10 04:10:00,75,61,off,on,65,off,81.0,Yes
2026-04-10 04:20:00,75,61,off,on,65,off,81.0,Yes
2026-04-10 04:30:00,75,61,off,on,65,off,81.0,Yes
2026-04-10 04:40:00,75,61,off,on,65,off,81.0,Yes
2026-04-10 04:50:00,75,61,off,on,65,off,81.0,Yes
2026-04-10 05:00:00,75,61,off,on,65,off,81.0,Yes
2026-04-10 05:10:00,75,61,off,on,65,off,81.0,Yes
2026-04-10 05:20:00,75,61,off,on,65,off,81.0,Yes
2026-04-10 05:30:00,75,61,off,on,65,off,81.0,Yes
2026-04-10 05:40:00,75,61,off,on,65,off,81.0,Yes
2026-04-10 05:50:00,75,61,off,on,65,off,81.0,Yes
2026-04-10 06:00:00,75,61,off,on,65,off,81.0,Yes
2026-04-10 06:10:00,75,61,off,on,65,off,79.0,Yes
2026-04-10 06:20:00,75,61,off,on,65,off,79.0,Yes
2026-04-10 06:30:00,75,61,off,on,65,off,79.0,Yes
2026-04-10 06:40:00,75,61,off,on,65,off,79.0,Yes
2026-04-10 06:50:00,75,61,off,on,65,off,79.0,Yes
2026-04-10 07:00:00,75,61,off,on,65,off,79.0,Yes
2026-04-10 07:10:00,75,61,off,on,65,off,79.0,Yes
2026-04-10 07:20:00,75,61,off,on,65,off,79.0,Yes
2026-04-10 07:30:00,75,61,off,on,65,off,79.0,Yes
2026-04-10 07:40:00,75,61,off,on,65,off,79.0,Yes
2026-04-10 07:50:00,75,61,off,on,65,off,79.0,Yes
2026-04-10 08:00:00,75,63,off,on,65,off,79.0,Yes
2026-04-10 08:10:00,75,63,off,on,65,on,79.0,Yes
2026-04-10 08:20:00,75,63,off,on,65,on,79.0,Yes
2026-04-10 08:30:00,75,64,off,on,65,on,79.0,Yes
2026-04-10 08:40:00,75,64,off,on,65,on,79.0,Yes
2026-04-10 08:50:00,75,66,off,on,65,on,79.0,Yes
2026-04-10 09:00:00,75,66,off,on,65,on,79.0,Yes
2026-04-10 09:10:00,75,68,off,on,65,on,79.0,Yes
2026-04-10 09:20:00,75,68,off,on,65,on,79.0,Yes
2026-04-10 09:30:00,75,70,off,on,65,on,79.0,Yes
2026-04-10 09:40:00,75,70,off,on,65,on,79.0,Yes
2026-04-10 09:50:00,75,72,off,on,65,on,79.0,Yes
2026-04-10 10:00:00,75,72,off,on,65,on,79.0,Yes
2026-04-10 10:10:00,76,73,off,on,65,on,79.0,Yes
2026-04-10 10:20:00,76,73,off,on,65,on,79.0,Yes
2026-04-10 10:30:00,76,73,off,on,65,on,79.0,Yes
2026-04-10 10:40:00,76,73,off,on,65,on,79.0,Yes
2026-04-10 10:50:00,76,75,off,on,65,on,79.0,Yes
2026-04-10 11:00:00,77,75,off,on,65,on,79.0,Yes
2026-04-10 11:10:00,77,75,off,on,65,on,79.0,Yes
2026-04-10 11:20:00,77,75,off,on,65,on,79.0,Yes
2026-04-10 11:30:00,77,77,on,on,65,on,79.0,Yes
2026-04-10 11:40:00,77,77,on,on,65,on,79.0,Yes
2026-04-10 11:50:00,78,77,on,on,65,on,79.0,Yes
2026-04-10 12:00:00,79,79,on,on,65,on,79.0,Yes
2026-04-10 12:10:00,79,79,on,on,65,on,79.0,Yes
2026-04-10 12:20:00,78,79,on,on,65,on,79.0,Yes
2026-04-10 12:30:00,79,79,on,on,65,on,79.0,Yes
2026-04-10 12:40:00,79,79,on,on,65,on,79.0,Yes
2026-04-10 12:50:00,79,81,on,on,65,on,79.0,Yes
2026-04-10 13:00:00,79,81,on,on,90,on,79.0,Yes
2026-04-10 13:10:00,79,81,on,on,90,on,81.0,Yes
2026-04-10 13:20:00,79,81,on,on,90,on,81.0,Yes
2026-04-10 13:30:00,79,79,on,on,90,on,81.0,Yes
2026-04-10 13:40:00,80,81,on,on,90,on,81.0,Yes
2026-04-10 13:50:00,80,81,on,on,90,on,81.0,Yes
2026-04-10 14:00:00,80,81,on,on,90,on,81.0,Yes
2026-04-10 14:10:00,81,81,on,on,90,on,82.0,Yes
2026-04-10 14:20:00,81,81,on,on,90,on,82.0,Yes
2026-04-10 14:30:00,81,82,on,on,90,on,82.0,Yes
2026-04-10 14:40:00,81,82,on,on,90,on,82.0,Yes
2026-04-10 14:50:00,82,82,on,on,90,on,82.0,Yes
2026-04-10 15:00:00,82,81,on,on,90,on,82.0,Yes
2026-04-10 15:10:00,82,82,on,on,90,on,82.0,Yes
2026-04-10 15:20:00,82,82,on,on,90,on,82.0,Yes
2026-04-10 15:30:00,83,81,on,on,90,on,82.0,Yes
2026-04-10 15:40:00,83,81,on,on,90,on,82.0,Yes
2026-04-10 15:50:00,83,79,on,on,90,on,82.0,Yes
2026-04-10 16:00:00,83,79,on,on,90,on,82.0,Yes
2026-04-10 16:10:00,83,79,on,on,90,on,82.0,Yes
2026-04-10 16:20:00,83,79,on,on,90,on,82.0,Yes
2026-04-10 16:30:00,83,79,on,on,90,on,82.0,Yes
2026-04-10 16:40:00,84,79,on,on,90,on,82.0,Yes
2026-04-10 16:50:00,84,79,on,on,90,on,82.0,Yes
2026-04-10 17:00:00,84,81,on,on,90,on,82.0,Yes
2026-04-10 17:10:00,84,79,on,on,90,on,82.0,Yes
2026-04-10 17:20:00,84,81,on,on,90,on,82.0,Yes
2026-04-10 17:30:00,84,79,on,on,90,on,82.0,Yes
2026-04-10 17:40:00,85,79,on,on,90,on,82.0,Yes
2026-04-10 17:50:00,85,79,on,on,90,on,82.0,Yes
2026-04-10 18:00:00,85,77,on,on,90,on,82.0,Yes
2026-04-10 18:10:00,85,77,on,on,90,on,82.0,Yes
2026-04-10 18:20:00,85,77,on,on,90,on,82.0,Yes
2026-04-10 18:30:00,85,77,on,on,90,on,82.0,Yes
2026-04-10 18:40:00,85,77,on,on,90,on,82.0,Yes
2026-04-10 18:50:00,85,75,on,on,90,on,82.0,Yes
2026-04-10 19:00:00,86,75,on,on,90,on,82.0,Yes
2026-04-10 19:10:00,86,75,on,on,90,on,82.0,Yes
2026-04-10 19:20:00,86,73,on,on,90,on,82.0,Yes
2026-04-10 19:30:00,86,73,on,on,90,on,82.0,Yes
2026-04-10 19:40:00,86,73,on,on,90,on,82.0,Yes
2026-04-10 19:50:00,86,73,on,on,90,on,82.0,Yes
2026-04-10 20:00:00,86,72,on,on,90,on,82.0,Yes
2026-04-10 20:10:00,86,72,on,on,90,off,82.0,Yes
2026-04-10 20:20:00,86,72,on,on,77,off,82.0,Yes
2026-04-10 20:30:00,86,72,on,on,77,off,82.0,Yes
2026-04-10 20:40:00,86,70,on,on,77,off,82.0,Yes
2026-04-10 20:50:00,86,70,on,on,77,off,82.0,Yes
2026-04-10 21:00:00,86,70,on,on,77,off,82.0,Yes
2026-04-10 21:10:00,86,70,on,on,77,off,82.0,Yes
2026-04-10 21:20:00,85,68,on,on,77,off,82.0,Yes
2026-04-10 21:30:00,85,68,on,on,77,off,82.0,Yes
2026-04-10 21:40:00,85,68,on,on,77,off,82.0,Yes
2026-04-10 21:50:00,85,68,on,on,77,off,82.0,Yes
2026-04-10 22:00:00,85,68,on,on,77,off,82.0,Yes
2026-04-10 22:10:00,85,66,on,on,77,off,82.0,Yes
2026-04-10 22:20:00,85,66,on,on,77,off,82.0,Yes
2026-04-10 22:30:00,85,66,on,on,77,off,82.0,Yes
2026-04-10 22:40:00,85,66,on,on,77,off,82.0,Yes
2026-04-10 22:50:00,85,66,on,on,77,off,82.0,Yes
2026-04-10 23:00:00,85,66,on,on,77,off,82.0,Yes
2026-04-10 23:10:00,85,66,on,on,77,off,82.0,Yes
2026-04-10 23:20:00,84,64,on,on,77,off,82.0,Yes
2026-04-10 23:30:00,84,64,on,on,77,off,82.0,Yes
2026-04-10 23:40:00,84,64,on,on,77,off,82.0,Yes
2026-04-10 23:50:00,84,64,on,on,77,off,82.0,Yes
2026-04-11 00:10:00,85,64,off,on,65,off,82.0,Yes
2026-04-11 00:20:00,85,64,on,on,77,off,82.0,Yes
2026-04-11 00:30:00,85,64,on,on,77,off,82.0,Yes
2026-04-11 00:40:00,85,64,on,on,77,off,82.0,Yes
2026-04-11 00:50:00,85,64,on,on,77,off,82.0,Yes
2026-04-11 01:00:00,85,64,on,on,77,off,82.0,Yes
2026-04-11 01:10:00,85,64,on,on,77,off,81.0,Yes
2026-04-11 01:20:00,85,64,on,on,77,off,81.0,Yes
2026-04-11 01:30:00,86,63,on,on,77,off,81.0,Yes
2026-04-11 01:40:00,86,63,on,on,77,off,81.0,Yes
2026-04-11 01:50:00,86,63,on,on,77,off,81.0,Yes
2026-04-11 02:00:00,86,63,on,on,77,off,81.0,Yes
2026-04-11 02:10:00,86,63,on,on,77,off,81.0,Yes
2026-04-11 02:20:00,86,63,on,on,77,off,81.0,Yes
2026-04-11 02:30:00,86,61,on,on,77,off,81.0,Yes
2026-04-11 02:40:00,86,61,on,on,77,off,81.0,Yes
2026-04-11 02:50:00,86,61,on,on,77,off,81.0,Yes
2026-04-11 03:00:00,87,61,on,on,77,off,81.0,Yes
2026-04-11 03:10:00,87,61,on,on,77,off,81.0,Yes
2026-04-11 03:20:00,87,61,on,on,77,off,81.0,Yes
2026-04-11 03:30:00,87,61,on,on,77,off,81.0,Yes
2026-04-11 03:40:00,87,61,on,on,77,off,81.0,Yes
2026-04-11 03:50:00,87,61,on,on,77,off,81.0,Yes
2026-04-11 04:00:00,87,61,on,on,77,off,81.0,Yes
2026-04-11 04:10:00,87,61,on,on,77,off,81.0,Yes
2026-04-11 04:20:00,87,61,on,on,77,off,81.0,Yes
2026-04-11 04:30:00,88,61,on,on,77,off,81.0,Yes
2026-04-11 04:40:00,88,61,on,on,77,off,81.0,Yes
2026-04-11 04:50:00,88,61,on,on,77,off,81.0,Yes
2026-04-11 05:00:00,88,61,on,on,77,off,81.0,Yes
2026-04-11 05:10:00,88,61,on,on,77,off,81.0,Yes
2026-04-11 05:20:00,88,61,on,on,77,off,81.0,Yes
2026-04-11 05:30:00,88,61,on,on,77,off,81.0,Yes
2026-04-11 05:40:00,88,61,on,on,77,off,81.0,Yes
2026-04-11 05:50:00,88,61,on,on,77,off,81.0,Yes
2026-04-11 06:00:00,89,61,on,on,77,off,81.0,Yes
2026-04-11 06:10:00,89,61,on,on,77,off,81.0,Yes
2026-04-11 06:20:00,89,61,on,on,77,off,81.0,Yes
2026-04-11 06:30:00,89,59,on,on,77,off,81.0,Yes
2026-04-11 06:40:00,89,61,on,on,77,off,81.0,Yes
2026-04-11 06:50:00,89,61,on,on,77,off,81.0,Yes
2026-04-11 07:00:00,89,61,on,on,77,off,81.0,Yes
2026-04-11 07:10:00,89,61,on,on,77,off,81.0,Yes
2026-04-11 07:20:00,89,61,on,on,77,off,81.0,Yes
2026-04-11 07:30:00,89,61,on,on,77,off,81.0,Yes
2026-04-11 07:40:00,89,61,on,on,77,off,81.0,Yes
2026-04-11 07:50:00,89,61,on,on,77,off,81.0,Yes
2026-04-11 08:00:00,89,61,on,on,77,off,81.0,Yes
2026-04-11 08:10:00,89,61,on,on,77,on,81.0,Yes
2026-04-11 08:20:00,89,63,on,on,77,on,81.0,Yes
2026-04-11 08:30:00,89,63,on,on,77,on,81.0,Yes
2026-04-11 08:40:00,88,63,on,on,77,on,81.0,Yes
2026-04-11 08:50:00,88,64,on,on,77,on,81.0,Yes
2026-04-11 09:00:00,89,64,on,on,77,on,81.0,Yes
2026-04-11 09:10:00,88,68,on,on,77,on,81.0,Yes
2026-04-11 09:20:00,88,70,on,on,77,on,81.0,Yes
2026-04-11 09:30:00,88,72,on,on,77,on,81.0,Yes
2026-04-11 09:40:00,88,73,on,on,77,on,81.0,Yes
2026-04-11 09:50:00,88,73,on,on,77,on,81.0,Yes
2026-04-11 10:00:00,89,75,on,on,77,on,81.0,Yes
2026-04-11 10:10:00,88,75,on,on,77,on,81.0,Yes
2026-04-11 10:20:00,88,75,on,on,77,on,81.0,Yes
2026-04-11 10:30:00,88,73,on,on,77,on,81.0,Yes
2026-04-11 10:40:00,88,73,on,on,77,on,81.0,Yes
2026-04-11 10:50:00,88,73,on,on,77,on,81.0,Yes
2026-04-11 11:00:00,88,73,on,on,77,on,81.0,Yes
2026-04-11 11:10:00,88,73,on,on,77,on,81.0,Yes
2026-04-11 11:20:00,89,75,on,on,77,on,81.0,Yes
2026-04-11 11:30:00,89,75,on,on,77,on,81.0,Yes
2026-04-11 11:40:00,88,75,on,on,77,on,81.0,Yes
2026-04-11 11:50:00,89,77,on,on,77,on,81.0,Yes
2026-04-11 12:00:00,88,77,on,on,77,on,81.0,Yes
2026-04-11 12:10:00,89,77,on,on,77,on,81.0,Yes
2026-04-11 12:20:00,88,77,on,on,77,on,81.0,Yes
2026-04-11 12:30:00,89,77,on,on,77,on,81.0,Yes
2026-04-11 12:40:00,89,79,on,on,77,on,81.0,Yes
2026-04-11 12:50:00,88,81,on,on,77,on,81.0,Yes
2026-04-11 13:00:00,88,81,on,on,77,on,81.0,Yes
2026-04-11 13:20:00,88,79,on,on,77,on,81.0,Yes
2026-04-11 13:30:00,88,79,on,on,77,on,81.0,Yes
2026-04-11 13:40:00,88,79,on,on,77,on,81.0,Yes
2026-04-11 13:50:00,88,79,on,on,77,on,81.0,Yes
2026-04-11 14:00:00,88,81,on,on,77,on,81.0,Yes
2026-04-11 14:10:00,88,81,on,on,77,on,81.0,Yes
2026-04-11 14:20:00,88,79,on,on,77,on,81.0,Yes
2026-04-11 14:30:00,88,79,on,on,77,on,81.0,Yes
2026-04-11 14:40:00,88,79,on,on,77,on,81.0,Yes
2026-04-11 14:50:00,88,81,on,on,77,on,81.0,Yes
2026-04-11 15:00:00,88,81,on,on,77,on,81.0,Yes
2026-04-11 15:10:00,88,81,on,on,77,on,81.0,Yes
2026-04-11 15:20:00,88,81,on,on,77,on,81.0,Yes
2026-04-11 15:30:00,88,81,on,on,77,on,81.0,Yes
2026-04-11 15:40:00,88,81,on,on,77,on,81.0,Yes
2026-04-11 15:50:00,88,81,on,on,77,on,81.0,Yes
2026-04-11 16:00:00,88,81,on,on,77,on,81.0,Yes
2026-04-11 16:10:00,88,81,on,on,77,on,82.0,Yes
2026-04-11 16:20:00,88,81,on,on,77,on,82.0,Yes
2026-04-11 16:30:00,87,81,on,on,77,on,82.0,Yes
2026-04-11 16:40:00,87,81,on,on,77,on,82.0,Yes
2026-04-11 16:50:00,87,81,on,on,77,on,82.0,Yes
2026-04-11 17:00:00,87,79,on,on,77,on,82.0,Yes
2026-04-11 17:10:00,87,81,on,on,77,on,82.0,Yes
2026-04-11 17:20:00,87,79,on,on,77,on,82.0,Yes
2026-04-11 17:30:00,87,79,on,on,77,on,82.0,Yes
2026-04-11 17:40:00,87,79,on,on,77,on,82.0,Yes
2026-04-11 17:50:00,87,79,on,on,77,on,82.0,Yes
2026-04-11 18:00:00,87,79,on,on,77,on,82.0,Yes
2026-04-11 18:10:00,87,79,on,on,77,on,82.0,Yes
2026-04-11 18:20:00,87,79,on,on,77,on,82.0,Yes
2026-04-11 18:30:00,87,79,on,on,77,on,82.0,Yes
2026-04-11 18:40:00,87,79,on,on,77,on,82.0,Yes
2026-04-11 18:50:00,87,77,on,on,77,on,82.0,Yes
2026-04-11 19:00:00,88,77,on,on,77,on,82.0,Yes
2026-04-11 19:10:00,88,77,on,on,77,on,82.0,Yes
2026-04-11 19:20:00,88,77,on,on,77,on,82.0,Yes
2026-04-11 19:30:00,88,75,on,on,77,on,82.0,Yes
2026-04-11 19:40:00,88,75,on,on,77,on,82.0,Yes
2026-04-11 19:50:00,88,73,on,on,77,on,82.0,Yes
2026-04-11 20:00:00,88,73,on,on,77,on,82.0,Yes
2026-04-11 20:10:00,88,73,on,on,77,off,82.0,Yes
2026-04-11 20:20:00,88,72,on,on,77,off,82.0,Yes
2026-04-11 20:30:00,88,72,on,on,77,off,82.0,Yes
2026-04-11 20:40:00,89,72,on,on,77,off,82.0,Yes
2026-04-11 20:50:00,89,72,on,on,77,off,82.0,Yes
2026-04-11 21:00:00,89,72,on,on,77,off,82.0,Yes
2026-04-11 21:10:00,89,70,on,on,77,off,82.0,Yes
2026-04-11 21:20:00,89,70,on,on,77,off,82.0,Yes
2026-04-11 21:30:00,89,70,on,on,77,off,82.0,Yes
2026-04-11 21:40:00,89,70,on,on,77,off,82.0,Yes
2026-04-11 21:50:00,89,68,on,on,77,off,82.0,Yes
2026-04-11 22:00:00,89,68,on,on,77,off,82.0,Yes
2026-04-11 22:10:00,90,68,on,on,77,off,82.0,Yes
2026-04-11 22:20:00,90,68,on,on,77,off,82.0,Yes
2026-04-11 22:30:00,89,68,on,on,77,off,82.0,Yes
2026-04-11 22:40:00,89,66,on,on,77,off,82.0,Yes
2026-04-11 22:50:00,89,66,on,on,77,off,82.0,Yes
2026-04-11 23:00:00,89,66,on,on,77,off,82.0,Yes
2026-04-11 23:10:00,89,66,on,on,77,off,82.0,Yes
2026-04-11 23:20:00,89,64,on,on,77,off,82.0,Yes
2026-04-11 23:30:00,89,64,on,on,77,off,82.0,Yes
2026-04-11 23:50:00,89,64,on,on,77,off,84.0,Yes
2026-04-12 00:00:00,88,64,on,on,77,off,84.0,Yes
2026-04-12 00:10:00,88,64,off,on,65,off,84.0,Yes
2026-04-12 00:20:00,88,64,on,on,77,off,84.0,Yes
2026-04-12 00:30:00,88,64,on,on,77,off,84.0,Yes
2026-04-12 00:40:00,88,63,on,on,77,off,84.0,Yes
2026-04-12 00:50:00,88,63,on,on,77,off,84.0,Yes
2026-04-12 01:00:00,88,63,on,on,77,off,84.0,Yes
2026-04-12 01:10:00,88,63,on,on,77,off,84.0,Yes
2026-04-12 01:20:00,87,63,on,on,77,off,84.0,Yes
2026-04-12 01:30:00,87,63,on,on,77,off,84.0,Yes
2026-04-12 01:40:00,88,63,on,on,77,off,84.0,Yes
2026-04-12 01:50:00,88,63,on,on,77,off,84.0,Yes
2026-04-12 02:00:00,87,63,on,on,77,off,84.0,Yes
2026-04-12 02:10:00,87,63,on,on,77,off,84.0,Yes
2026-04-12 02:20:00,87,63,on,on,77,off,84.0,Yes
2026-04-12 02:30:00,87,61,on,on,77,off,84.0,Yes
2026-04-12 02:40:00,87,61,on,on,77,off,84.0,Yes
2026-04-12 02:50:00,87,61,on,on,77,off,84.0,Yes
2026-04-12 03:00:00,87,61,on,on,77,off,84.0,Yes
2026-04-12 03:10:00,87,61,on,on,77,off,84.0,Yes
2026-04-12 03:20:00,87,59,on,on,77,off,84.0,Yes
2026-04-12 03:30:00,86,59,on,on,77,off,84.0,Yes
2026-04-12 03:40:00,87,59,on,on,77,off,84.0,Yes
2026-04-12 03:50:00,86,59,on,on,77,off,84.0,Yes
2026-04-12 04:00:00,86,59,on,on,77,off,84.0,Yes
2026-04-12 04:10:00,86,59,on,on,77,off,84.0,Yes
2026-04-12 04:20:00,86,59,on,on,77,off,84.0,Yes
2026-04-12 04:30:00,86,59,on,on,77,off,84.0,Yes
2026-04-12 04:40:00,86,59,on,on,77,off,84.0,Yes
2026-04-12 04:50:00,86,59,on,on,77,off,84.0,Yes
2026-04-12 05:00:00,86,59,on,on,77,off,82.0,Yes
2026-04-12 05:10:00,86,59,on,on,77,off,82.0,Yes
2026-04-12 05:20:00,86,57,on,on,77,off,82.0,Yes
2026-04-12 05:30:00,85,57,on,on,77,off,82.0,Yes
2026-04-12 05:40:00,85,57,on,on,77,off,82.0,Yes
2026-04-12 05:50:00,85,57,on,on,77,off,82.0,Yes
2026-04-12 06:00:00,85,57,on,on,77,off,82.0,Yes
2026-04-12 06:10:00,85,57,on,on,77,off,82.0,Yes
2026-04-12 06:20:00,85,57,on,on,77,off,82.0,Yes
2026-04-12 06:30:00,85,57,on,on,77,off,82.0,Yes
2026-04-12 06:40:00,85,57,on,on,77,off,82.0,Yes
2026-04-12 06:50:00,85,57,on,on,77,off,82.0,Yes
2026-04-12 07:00:00,85,57,on,on,77,off,82.0,Yes
2026-04-12 07:10:00,85,57,on,on,77,off,82.0,Yes
2026-04-12 07:20:00,84,57,on,on,77,off,82.0,Yes
2026-04-12 07:30:00,85,59,on,on,77,off,82.0,Yes
2026-04-12 07:40:00,84,59,on,on,77,off,82.0,Yes
2026-04-12 07:50:00,84,59,on,on,77,off,82.0,Yes
2026-04-12 08:00:00,84,61,on,on,77,off,82.0,Yes
2026-04-12 08:10:00,84,63,on,on,77,on,82.0,Yes
2026-04-12 08:20:00,84,63,on,on,77,on,82.0,Yes
2026-04-12 08:30:00,84,64,on,on,77,on,82.0,Yes
2026-04-12 08:40:00,84,66,on,on,77,on,82.0,Yes
2026-04-12 08:50:00,84,68,on,on,77,on,82.0,Yes
2026-04-12 09:00:00,84,70,on,on,77,on,82.0,Yes
2026-04-12 09:10:00,85,72,on,on,77,on,82.0,Yes
2026-04-12 09:20:00,85,72,on,on,77,on,82.0,Yes
2026-04-12 09:30:00,85,73,on,on,77,on,82.0,Yes
2026-04-12 09:40:00,86,73,on,on,77,on,82.0,Yes
2026-04-12 09:50:00,86,73,on,on,77,on,82.0,Yes
2026-04-12 10:00:00,86,73,on,on,77,on,82.0,Yes
2026-04-12 10:10:00,86,75,on,on,77,on,82.0,Yes
2026-04-12 10:20:00,87,75,on,on,77,on,82.0,Yes
2026-04-12 10:30:00,87,75,on,on,77,on,82.0,Yes
2026-04-12 10:40:00,87,75,on,on,77,on,82.0,Yes
2026-04-12 10:50:00,88,75,on,on,77,on,82.0,Yes
2026-04-12 11:00:00,88,75,on,on,77,on,82.0,Yes
2026-04-12 11:10:00,89,77,on,on,77,on,82.0,Yes
2026-04-12 11:20:00,89,77,on,on,77,on,82.0,Yes
2026-04-12 11:30:00,89,77,on,on,77,on,82.0,Yes
2026-04-12 11:40:00,89,77,on,on,77,on,82.0,Yes
2026-04-12 11:50:00,89,77,on,on,77,on,82.0,Yes
2026-04-12 12:00:00,90,77,on,on,77,on,82.0,Yes
2026-04-12 12:10:00,90,77,on,on,77,on,82.0,Yes
2026-04-12 12:20:00,89,77,on,on,77,on,82.0,Yes
2026-04-12 12:30:00,90,79,on,on,77,on,82.0,Yes
2026-04-12 12:40:00,89,79,on,on,77,on,82.0,Yes
2026-04-12 12:50:00,88,79,on,on,77,on,82.0,Yes
2026-04-12 13:00:00,88,79,on,on,77,on,82.0,Yes
2026-04-12 13:10:00,88,79,on,on,77,on,82.0,Yes
2026-04-12 13:20:00,88,79,on,on,77,on,82.0,Yes
2026-04-12 13:30:00,88,79,on,on,77,on,82.0,Yes
2026-04-12 13:40:00,88,81,on,on,77,on,82.0,Yes
2026-04-12 13:50:00,88,81,on,on,77,on,82.0,Yes
2026-04-12 14:00:00,88,81,on,on,77,on,82.0,Yes
2026-04-12 14:10:00,88,81,on,on,77,on,82.0,Yes
2026-04-12 14:20:00,88,81,on,on,77,on,82.0,Yes
2026-04-12 14:30:00,88,82,on,on,77,on,82.0,Yes
2026-04-12 14:40:00,88,82,on,on,77,on,82.0,Yes
2026-04-12 14:50:00,88,82,on,on,77,on,82.0,Yes
2026-04-12 15:00:00,88,82,on,on,77,on,82.0,Yes
2026-04-12 15:10:00,88,82,on,on,77,on,82.0,Yes
2026-04-12 15:20:00,88,82,on,on,77,on,82.0,Yes
2026-04-12 15:30:00,88,82,on,on,77,on,82.0,Yes
2026-04-12 15:40:00,88,82,on,on,77,on,82.0,Yes
2026-04-12 15:50:00,88,82,on,on,77,on,82.0,Yes
2026-04-12 16:00:00,88,82,on,on,77,on,82.0,Yes
2026-04-12 16:10:00,88,82,on,on,77,on,82.0,Yes
2026-04-12 16:20:00,88,82,on,on,77,on,82.0,Yes
2026-04-12 16:30:00,88,82,on,on,77,on,82.0,Yes
2026-04-12 16:40:00,88,82,on,on,77,on,82.0,Yes
2026-04-12 16:50:00,88,82,on,on,77,on,82.0,Yes
2026-04-12 17:00:00,88,82,on,on,77,on,82.0,Yes
2026-04-12 17:10:00,88,82,on,on,77,on,82.0,Yes
2026-04-12 17:20:00,88,82,on,on,77,on,82.0,Yes
2026-04-12 17:30:00,88,81,on,on,77,on,82.0,Yes
2026-04-12 17:40:00,88,81,on,on,77,on,82.0,Yes
2026-04-12 17:50:00,87,81,on,on,77,on,82.0,Yes
2026-04-12 18:00:00,87,81,on,on,77,on,82.0,Yes
2026-04-12 18:10:00,87,81,on,on,77,on,82.0,Yes
2026-04-12 18:20:00,87,81,on,on,77,on,82.0,Yes
2026-04-12 18:30:00,87,79,on,on,77,on,82.0,Yes
2026-04-12 18:40:00,87,79,on,on,77,on,82.0,Yes
2026-04-12 18:50:00,87,79,on,on,77,on,82.0,Yes
2026-04-12 19:00:00,87,79,on,on,77,on,82.0,Yes
2026-04-12 19:10:00,87,77,on,on,77,on,82.0,Yes
2026-04-12 19:20:00,87,77,on,on,77,on,82.0,Yes
2026-04-12 19:30:00,87,77,on,on,77,on,82.0,Yes
2026-04-12 19:40:00,86,75,on,on,77,on,82.0,Yes
2026-04-12 19:50:00,86,75,on,on,77,on,82.0,Yes
2026-04-12 20:00:00,86,73,on,on,77,off,82.0,Yes
2026-04-12 20:10:00,86,73,on,on,77,off,82.0,Yes
2026-04-12 20:20:00,86,73,on,on,77,off,82.0,Yes
2026-04-12 20:30:00,86,73,on,on,77,off,82.0,Yes
2026-04-12 20:40:00,86,72,on,on,77,off,82.0,Yes
2026-04-12 20:50:00,86,72,on,on,77,off,82.0,Yes
2026-04-12 21:00:00,86,72,on,on,77,off,82.0,Yes
2026-04-12 21:10:00,86,72,on,on,77,off,82.0,Yes
2026-04-12 21:20:00,86,70,on,on,77,off,82.0,Yes
2026-04-12 21:30:00,85,70,on,on,77,off,82.0,Yes
2026-04-12 21:40:00,85,70,on,on,77,off,82.0,Yes
2026-04-12 21:50:00,85,70,on,on,77,off,82.0,Yes
2026-04-12 22:00:00,85,68,on,on,77,off,82.0,Yes
2026-04-12 22:10:00,85,68,on,on,77,off,82.0,Yes
2026-04-12 22:20:00,85,68,on,on,77,off,82.0,Yes
2026-04-12 22:30:00,85,68,on,on,77,off,82.0,Yes
2026-04-12 22:40:00,85,68,on,on,77,off,82.0,Yes
2026-04-12 22:50:00,85,66,on,on,77,off,82.0,Yes
2026-04-12 23:00:00,85,66,on,on,77,off,82.0,Yes
2026-04-12 23:10:00,84,66,on,on,77,off,82.0,Yes
2026-04-12 23:20:00,84,64,on,on,77,off,82.0,Yes
2026-04-12 23:30:00,84,64,on,on,77,off,84.0,Yes
2026-04-12 23:40:00,84,64,on,on,77,off,84.0,Yes
2026-04-12 23:50:00,84,64,on,on,77,off,84.0,Yes
2026-04-13 00:10:00,85,64,off,on,65,off,84.0,Yes
2026-04-13 00:20:00,85,63,on,on,77,off,84.0,Yes
2026-04-13 00:30:00,85,63,on,on,77,off,84.0,Yes
2026-04-13 00:40:00,85,63,on,on,77,off,84.0,Yes
2026-04-13 00:50:00,85,63,on,on,77,off,84.0,Yes
2026-04-13 01:00:00,85,63,on,on,77,off,84.0,Yes
2026-04-13 01:10:00,85,63,on,on,77,off,84.0,Yes
2026-04-13 01:20:00,85,63,on,on,77,off,84.0,Yes
2026-04-13 01:30:00,85,61,on,on,77,off,84.0,Yes
2026-04-13 01:40:00,86,61,on,on,77,off,84.0,Yes
2026-04-13 01:50:00,86,61,on,on,77,off,84.0,Yes
2026-04-13 02:00:00,86,61,on,on,77,off,84.0,Yes
2026-04-13 02:10:00,86,61,on,on,77,off,84.0,Yes
2026-04-13 02:20:00,86,61,on,on,77,off,84.0,Yes
2026-04-13 02:30:00,86,61,on,on,77,off,84.0,Yes
2026-04-13 02:40:00,86,61,on,on,77,off,84.0,Yes
2026-04-13 02:50:00,86,61,on,on,77,off,84.0,Yes
2026-04-13 03:00:00,86,59,on,on,77,off,84.0,Yes
2026-04-13 03:10:00,87,59,on,on,77,off,84.0,Yes
2026-04-13 03:20:00,87,59,on,on,77,off,84.0,Yes
2026-04-13 03:30:00,87,59,on,on,77,off,84.0,Yes
2026-04-13 03:40:00,87,59,on,on,77,off,84.0,Yes
2026-04-13 03:50:00,87,59,on,on,77,off,84.0,Yes
2026-04-13 04:00:00,87,59,on,on,77,off,84.0,Yes
2026-04-13 04:10:00,87,59,on,on,77,off,84.0,Yes
2026-04-13 04:20:00,87,59,on,on,77,off,84.0,Yes
2026-04-13 04:30:00,87,59,on,on,77,off,84.0,Yes
2026-04-13 04:40:00,87,59,on,on,77,off,84.0,Yes
2026-04-13 04:50:00,87,59,on,on,77,off,84.0,Yes
2026-04-13 05:00:00,88,57,on,on,77,off,84.0,Yes
2026-04-13 05:10:00,88,57,on,on,77,off,84.0,Yes
2026-04-13 05:20:00,88,57,on,on,77,off,84.0,Yes
2026-04-13 05:30:00,88,57,on,on,77,off,84.0,Yes
2026-04-13 05:40:00,88,57,on,on,77,off,84.0,Yes
2026-04-13 05:50:00,88,57,on,on,77,off,84.0,Yes
2026-04-13 06:00:00,88,57,on,on,77,off,84.0,Yes
2026-04-13 06:10:00,88,57,on,on,77,off,84.0,Yes
2026-04-13 06:20:00,88,57,on,on,77,off,84.0,Yes
2026-04-13 06:30:00,88,57,on,on,77,off,84.0,Yes
2026-04-13 06:40:00,89,57,on,on,77,off,84.0,Yes
2026-04-13 06:50:00,89,57,on,on,77,off,84.0,Yes
2026-04-13 07:00:00,89,57,on,on,77,off,84.0,Yes
2026-04-13 07:10:00,89,57,on,on,77,off,84.0,Yes
2026-04-13 07:20:00,89,57,on,on,77,off,84.0,Yes
2026-04-13 07:30:00,89,57,on,on,77,off,84.0,Yes
2026-04-13 07:40:00,89,59,on,on,77,off,84.0,Yes
2026-04-13 07:50:00,89,59,on,on,77,off,84.0,Yes
2026-04-13 08:00:00,89,61,on,on,77,off,84.0,Yes
2026-04-13 08:10:00,89,63,on,on,77,on,84.0,Yes
2026-04-13 08:20:00,89,64,on,on,77,on,84.0,Yes
2026-04-13 08:30:00,88,66,on,on,77,on,84.0,Yes
2026-04-13 08:40:00,88,68,on,on,77,on,84.0,Yes
2026-04-13 08:50:00,88,68,on,on,77,on,84.0,Yes
2026-04-13 09:00:00,89,70,on,on,77,on,84.0,Yes
2026-04-13 09:10:00,89,72,on,on,77,on,84.0,Yes
2026-04-13 09:20:00,89,72,on,on,77,on,84.0,Yes
2026-04-13 09:30:00,89,72,on,on,77,on,84.0,Yes
2026-04-13 09:40:00,89,73,on,on,77,on,84.0,Yes
2026-04-13 09:50:00,89,73,on,on,77,on,84.0,Yes
2026-04-13 10:00:00,89,73,on,on,77,on,84.0,Yes
2026-04-13 10:10:00,89,73,on,on,77,on,84.0,Yes
2026-04-13 10:20:00,89,75,on,on,77,on,84.0,Yes
2026-04-13 10:30:00,89,75,on,on,77,on,84.0,Yes
2026-04-13 10:40:00,89,75,on,on,77,on,84.0,Yes
2026-04-13 10:50:00,89,75,on,on,77,on,84.0,Yes
2026-04-13 11:00:00,89,75,on,on,77,on,84.0,Yes
2026-04-13 11:10:00,89,77,on,on,77,on,84.0,Yes
2026-04-13 11:20:00,90,77,on,on,77,on,84.0,Yes
2026-04-13 11:30:00,89,77,on,on,77,on,84.0,Yes
2026-04-13 11:40:00,89,77,on,on,77,on,84.0,Yes
2026-04-13 11:50:00,90,77,on,on,77,on,84.0,Yes
2026-04-13 12:00:00,90,77,on,on,77,on,84.0,Yes
2026-04-13 12:10:00,90,77,on,on,77,on,84.0,Yes
2026-04-13 12:20:00,90,79,on,on,77,on,84.0,Yes
2026-04-13 12:30:00,90,79,on,on,77,on,84.0,Yes
2026-04-13 12:40:00,90,79,on,on,77,on,84.0,Yes
2026-04-13 12:50:00,89,79,on,on,77,on,84.0,Yes
2026-04-13 13:00:00,89,79,on,on,77,on,84.0,Yes
2026-04-13 13:10:00,89,79,on,on,77,on,84.0,Yes
2026-04-13 13:20:00,89,81,on,on,77,on,84.0,Yes
2026-04-13 13:30:00,89,81,on,on,77,on,84.0,Yes
2026-04-13 13:40:00,89,81,on,on,77,on,84.0,Yes
2026-04-13 13:50:00,89,81,on,on,77,on,84.0,Yes
2026-04-13 14:00:00,89,81,on,on,77,on,84.0,Yes
2026-04-13 14:10:00,89,82,on,on,77,on,84.0,Yes
2026-04-13 14:20:00,89,82,on,on,77,on,84.0,Yes
2026-04-13 14:30:00,89,82,on,on,77,on,84.0,Yes
2026-04-13 14:40:00,89,82,on,on,77,on,84.0,Yes
2026-04-13 14:50:00,89,82,on,on,77,on,84.0,Yes
2026-04-13 15:00:00,89,82,on,on,77,on,84.0,Yes
2026-04-13 15:10:00,89,82,on,on,77,on,84.0,Yes
2026-04-13 15:20:00,89,82,on,on,77,on,84.0,Yes
2026-04-13 15:30:00,89,82,on,on,77,on,84.0,Yes
2026-04-13 15:40:00,89,82,on,on,77,on,84.0,Yes
2026-04-13 15:50:00,89,82,on,on,77,on,84.0,Yes
2026-04-13 16:00:00,89,82,on,on,77,on,84.0,Yes
2026-04-13 16:10:00,89,82,on,on,77,on,84.0,Yes
2026-04-13 16:20:00,89,82,on,on,77,on,84.0,Yes
2026-04-13 16:30:00,89,84,on,on,77,on,84.0,Yes
2026-04-13 16:40:00,89,84,on,on,77,on,84.0,Yes
2026-04-13 16:50:00,89,82,on,on,77,on,84.0,Yes
2026-04-13 17:00:00,89,84,on,on,77,on,84.0,Yes
2026-04-13 17:10:00,88,82,on,on,77,on,84.0,Yes
2026-04-13 17:20:00,88,82,on,on,77,on,84.0,Yes
2026-04-13 17:30:00,88,82,on,on,77,on,84.0,Yes
2026-04-13 17:40:00,88,82,on,on,77,on,84.0,Yes
2026-04-13 17:50:00,88,82,on,on,77,on,84.0,Yes
2026-04-13 18:00:00,88,82,on,on,77,on,84.0,Yes
2026-04-13 18:10:00,88,82,on,on,77,on,84.0,Yes
2026-04-13 18:20:00,88,82,on,on,77,on,84.0,Yes
2026-04-13 18:30:00,88,82,on,on,77,on,84.0,Yes
2026-04-13 18:40:00,88,82,on,on,77,on,84.0,Yes
2026-04-13 18:50:00,88,81,on,on,77,on,84.0,Yes
2026-04-13 19:00:00,88,81,on,on,77,on,84.0,Yes
2026-04-13 19:10:00,88,81,on,on,77,on,84.0,Yes
2026-04-13 19:20:00,88,79,on,on,77,on,84.0,Yes
2026-04-13 19:30:00,87,79,on,on,77,on,84.0,Yes
2026-04-13 19:40:00,87,77,on,on,77,on,84.0,Yes
2026-04-13 19:50:00,87,77,on,on,77,on,84.0,Yes
2026-04-13 20:00:00,87,77,on,on,77,on,84.0,Yes
2026-04-13 20:10:00,87,75,on,on,77,off,84.0,Yes
2026-04-13 20:20:00,87,75,on,on,77,off,84.0,Yes
2026-04-13 20:30:00,87,75,on,on,77,off,84.0,Yes
2026-04-13 20:40:00,87,75,on,on,77,off,84.0,Yes
2026-04-13 20:50:00,87,75,on,on,77,off,84.0,Yes
2026-04-13 21:00:00,87,73,on,on,77,off,84.0,Yes
2026-04-13 21:10:00,87,73,on,on,77,off,84.0,Yes
2026-04-13 21:20:00,87,73,on,on,77,off,84.0,Yes
2026-04-13 21:30:00,87,73,on,on,77,off,84.0,Yes
2026-04-13 21:40:00,87,72,on,on,77,off,84.0,Yes
2026-04-13 21:50:00,87,72,on,on,77,off,84.0,Yes
2026-04-13 22:00:00,87,72,on,on,77,off,84.0,Yes
2026-04-13 22:10:00,88,72,on,on,77,off,84.0,Yes
2026-04-13 22:20:00,88,72,on,on,77,off,84.0,Yes
2026-04-13 22:30:00,88,70,on,on,77,off,84.0,Yes
2026-04-13 22:40:00,88,70,on,on,77,off,84.0,Yes
2026-04-13 22:50:00,88,70,on,on,77,off,84.0,Yes
2026-04-13 23:00:00,88,70,on,on,77,off,84.0,Yes
2026-04-13 23:10:00,89,70,on,on,77,off,84.0,Yes
2026-04-13 23:20:00,89,68,on,on,77,off,84.0,Yes
2026-04-13 23:30:00,89,68,on,on,77,off,84.0,Yes
2026-04-13 23:40:00,89,68,on,on,77,off,84.0,Yes
2026-04-13 23:50:00,89,68,on,on,77,off,84.0,Yes
2026-04-14 00:10:00,89,68,off,on,65,off,86.0,Yes
2026-04-14 00:20:00,89,68,on,on,77,off,86.0,Yes
2026-04-14 00:30:00,89,68,on,on,77,off,86.0,Yes
2026-04-14 00:40:00,89,66,on,on,77,off,86.0,Yes
2026-04-14 00:50:00,89,66,on,on,77,off,86.0,Yes
2026-04-14 01:00:00,89,66,on,on,77,off,86.0,Yes
2026-04-14 01:10:00,88,66,on,on,77,off,86.0,Yes
2026-04-14 01:20:00,89,66,on,on,77,off,86.0,Yes
2026-04-14 01:30:00,89,66,on,on,77,off,86.0,Yes
2026-04-14 01:40:00,88,64,on,on,77,off,86.0,Yes
2026-04-14 01:50:00,88,64,on,on,77,off,86.0,Yes
2026-04-14 02:00:00,88,64,on,on,77,off,86.0,Yes
2026-04-14 02:10:00,88,64,on,on,77,off,86.0,Yes
2026-04-14 02:20:00,88,64,on,on,77,off,86.0,Yes
2026-04-14 02:30:00,88,64,on,on,77,off,86.0,Yes
2026-04-14 02:40:00,88,64,on,on,77,off,86.0,Yes
2026-04-14 02:50:00,88,64,on,on,77,off,86.0,Yes
2026-04-14 03:00:00,88,64,on,on,77,off,86.0,Yes
2026-04-14 03:10:00,88,64,on,on,77,off,86.0,Yes
2026-04-14 03:20:00,87,64,on,on,77,off,86.0,Yes
2026-04-14 03:30:00,87,64,on,on,77,off,86.0,Yes
2026-04-14 03:40:00,87,64,on,on,77,off,86.0,Yes
2026-04-14 03:50:00,87,64,on,on,77,off,86.0,Yes
2026-04-14 04:00:00,87,63,on,on,77,off,86.0,Yes
2026-04-14 04:10:00,87,63,on,on,77,off,86.0,Yes
2026-04-14 04:20:00,87,63,on,on,77,off,86.0,Yes
2026-04-14 04:30:00,87,63,on,on,77,off,86.0,Yes
2026-04-14 04:40:00,87,63,on,on,77,off,86.0,Yes
2026-04-14 04:50:00,87,63,on,on,77,off,86.0,Yes
2026-04-14 05:00:00,87,61,on,on,77,off,86.0,Yes
2026-04-14 05:10:00,87,61,on,on,77,off,86.0,Yes
2026-04-14 05:20:00,87,61,on,on,77,off,86.0,Yes
2026-04-14 05:30:00,86,61,on,on,77,off,86.0,Yes
2026-04-14 05:40:00,86,61,on,on,77,off,86.0,Yes
2026-04-14 05:50:00,86,61,on,on,77,off,86.0,Yes
2026-04-14 06:00:00,86,61,on,on,77,off,86.0,Yes
2026-04-14 06:10:00,86,61,on,on,77,off,86.0,Yes
2026-04-14 06:20:00,86,61,on,on,77,off,86.0,Yes
2026-04-14 06:30:00,86,61,on,on,77,off,86.0,Yes
2026-04-14 06:40:00,86,61,on,on,77,off,86.0,Yes
2026-04-14 06:50:00,86,61,on,on,77,off,86.0,Yes
2026-04-14 07:00:00,86,61,on,on,77,off,86.0,Yes
2026-04-14 07:10:00,87,61,on,on,77,off,86.0,Yes
2026-04-14 07:20:00,87,61,on,on,77,off,86.0,Yes
2026-04-14 07:30:00,87,61,on,on,77,off,86.0,Yes
2026-04-14 07:40:00,87,61,on,on,77,off,86.0,Yes
2026-04-14 07:50:00,87,61,on,on,77,off,86.0,Yes
2026-04-14 08:00:00,87,63,on,on,77,off,86.0,Yes
2026-04-14 08:10:00,88,63,on,on,77,on,86.0,Yes
2026-04-14 08:20:00,88,64,on,on,77,on,86.0,Yes
2026-04-14 08:30:00,88,66,on,on,77,on,86.0,Yes
2026-04-14 08:40:00,88,70,on,on,77,on,86.0,Yes
2026-04-14 08:50:00,89,70,on,on,77,on,86.0,Yes
2026-04-14 09:00:00,89,72,on,on,77,on,86.0,Yes
2026-04-14 09:10:00,89,72,on,on,77,on,86.0,Yes
2026-04-14 09:20:00,90,73,on,on,77,on,86.0,Yes
2026-04-14 09:30:00,90,73,on,on,77,on,86.0,Yes
2026-04-14 09:40:00,90,75,on,on,77,on,86.0,Yes
2026-04-14 09:50:00,90,75,on,on,77,on,86.0,Yes
2026-04-14 10:00:00,90,75,on,on,77,on,86.0,Yes
2026-04-14 10:10:00,90,77,on,on,77,on,86.0,Yes
2026-04-14 10:20:00,90,75,on,on,77,on,86.0,Yes
2026-04-14 10:30:00,90,77,on,on,77,on,86.0,Yes
2026-04-14 10:40:00,90,77,on,on,77,on,86.0,Yes
2026-04-14 10:50:00,91,77,on,on,77,on,86.0,Yes
2026-04-14 11:00:00,91,77,on,on,77,on,86.0,Yes
2026-04-14 11:10:00,91,77,on,on,77,on,86.0,Yes
2026-04-14 11:20:00,91,79,on,on,77,on,86.0,Yes
2026-04-14 11:30:00,91,79,on,on,77,on,86.0,Yes
2026-04-14 11:40:00,91,79,on,on,77,on,86.0,Yes
2026-04-14 11:50:00,92,79,on,on,77,on,86.0,Yes
2026-04-14 12:00:00,92,81,on,on,77,on,86.0,Yes
2026-04-14 12:10:00,91,79,on,on,77,on,86.0,Yes
2026-04-14 12:20:00,92,81,on,on,77,on,86.0,Yes
2026-04-14 12:30:00,92,81,on,on,77,on,86.0,Yes
2026-04-14 12:40:00,91,81,on,on,77,on,86.0,Yes
2026-04-14 12:50:00,90,81,on,on,77,on,86.0,Yes
2026-04-14 13:00:00,91,82,on,on,77,on,86.0,Yes
2026-04-14 13:10:00,90,81,on,on,77,on,86.0,Yes
2026-04-14 13:20:00,90,81,on,on,77,on,86.0,Yes
2026-04-14 13:30:00,90,81,on,on,77,on,86.0,Yes
2026-04-14 13:40:00,90,82,on,on,77,on,86.0,Yes
2026-04-14 13:50:00,91,82,on,on,77,on,86.0,Yes
2026-04-14 14:00:00,91,82,on,on,77,on,86.0,Yes
2026-04-14 14:10:00,90,82,on,on,77,on,86.0,Yes
2026-04-14 14:20:00,90,82,on,on,77,on,86.0,Yes
2026-04-14 14:30:00,90,82,on,on,77,on,86.0,Yes
2026-04-14 14:40:00,90,84,on,on,77,on,86.0,Yes
2026-04-14 14:50:00,90,82,on,on,77,on,86.0,Yes
2026-04-14 15:00:00,90,82,on,on,77,on,86.0,Yes
2026-04-14 15:10:00,90,84,on,on,77,on,84.0,Yes
2026-04-14 15:20:00,90,84,on,on,77,on,84.0,Yes
2026-04-14 15:30:00,90,84,on,on,77,on,84.0,Yes
2026-04-14 15:40:00,90,84,on,on,77,on,84.0,Yes
2026-04-14 15:50:00,90,82,on,on,77,on,84.0,Yes
2026-04-14 16:00:00,90,84,on,on,77,on,84.0,Yes
2026-04-14 16:10:00,90,82,on,on,77,on,86.0,Yes
2026-04-14 16:20:00,90,84,on,on,77,on,86.0,Yes
2026-04-14 16:30:00,90,82,on,on,77,on,86.0,Yes
2026-04-14 16:40:00,90,82,on,on,77,on,86.0,Yes
2026-04-14 16:50:00,90,84,on,on,77,on,86.0,Yes
2026-04-14 17:00:00,90,84,on,on,77,on,86.0,Yes
2026-04-14 17:10:00,90,84,on,on,77,on,86.0,Yes
2026-04-14 17:20:00,90,84,on,on,77,on,86.0,Yes
2026-04-14 17:30:00,90,82,on,on,77,on,86.0,Yes
2026-04-14 17:40:00,90,84,on,on,77,on,86.0,Yes
2026-04-14 17:50:00,90,84,on,on,77,on,86.0,Yes
2026-04-14 18:00:00,89,84,on,on,77,on,86.0,Yes
2026-04-14 18:10:00,89,82,on,on,77,on,86.0,Yes
2026-04-14 18:20:00,89,82,on,on,77,on,86.0,Yes
2026-04-14 18:30:00,89,82,on,on,77,on,86.0,Yes
2026-04-14 18:40:00,89,82,on,on,77,on,86.0,Yes
2026-04-14 18:50:00,89,82,on,on,77,on,86.0,Yes
2026-04-14 19:00:00,89,82,on,on,77,on,86.0,Yes
2026-04-14 19:10:00,89,81,on,on,77,on,86.0,Yes
2026-04-14 19:20:00,89,81,on,on,77,on,86.0,Yes
2026-04-14 19:30:00,89,79,on,on,77,on,86.0,Yes
2026-04-14 19:40:00,88,79,on,on,77,on,86.0,Yes
2026-04-14 19:50:00,88,79,on,on,77,on,86.0,Yes
2026-04-14 20:00:00,88,77,on,on,77,on,86.0,Yes
2026-04-14 20:10:00,88,77,on,on,77,off,86.0,Yes
2026-04-14 20:20:00,88,77,on,on,77,off,86.0,Yes
2026-04-14 20:30:00,88,75,on,on,77,off,86.0,Yes
2026-04-14 20:40:00,88,75,on,on,77,off,86.0,Yes
2026-04-14 20:50:00,88,75,on,on,77,off,86.0,Yes
2026-04-14 21:00:00,88,75,on,on,77,off,86.0,Yes
2026-04-14 21:10:00,88,73,on,on,77,off,86.0,Yes
2026-04-14 21:20:00,88,73,on,on,77,off,86.0,Yes
2026-04-14 21:30:00,87,73,on,on,77,off,86.0,Yes
2026-04-14 21:40:00,87,73,on,on,77,off,86.0,Yes
2026-04-14 21:50:00,87,73,on,on,77,off,86.0,Yes
2026-04-14 22:00:00,87,72,on,on,77,off,86.0,Yes
2026-04-14 22:10:00,87,72,on,on,77,off,86.0,Yes
2026-04-14 22:20:00,87,72,on,on,77,off,86.0,Yes
2026-04-14 22:30:00,87,72,on,on,77,off,86.0,Yes
2026-04-14 22:40:00,87,72,on,on,77,off,86.0,Yes
2026-04-14 22:50:00,87,72,on,on,77,off,86.0,Yes
2026-04-14 23:00:00,87,72,on,on,77,off,86.0,Yes
2026-04-14 23:10:00,87,72,on,on,77,off,86.0,Yes
2026-04-14 23:20:00,87,72,on,on,77,off,86.0,Yes
2026-04-14 23:30:00,87,70,on,on,77,off,86.0,Yes
2026-04-14 23:40:00,86,70,on,on,77,off,86.0,Yes
2026-04-14 23:50:00,87,70,on,on,77,off,86.0,Yes
2026-04-15 00:10:00,87,70,off,on,65,off,86.0,Yes
2026-04-15 00:20:00,87,70,on,on,77,off,86.0,Yes
2026-04-15 00:30:00,87,70,on,on,77,off,86.0,Yes
2026-04-15 00:40:00,86,70,on,on,77,off,86.0,Yes
2026-04-15 00:50:00,86,70,on,on,77,off,86.0,Yes
2026-04-15 01:00:00,87,68,on,on,77,off,86.0,Yes
2026-04-15 01:10:00,87,68,on,on,77,off,86.0,Yes
2026-04-15 01:20:00,87,68,on,on,77,off,86.0,Yes
2026-04-15 01:30:00,87,68,on,on,77,off,86.0,Yes
2026-04-15 01:40:00,87,68,on,on,77,off,86.0,Yes
2026-04-15 01:50:00,87,66,on,on,77,off,86.0,Yes
2026-04-15 02:00:00,87,66,on,on,77,off,86.0,Yes
2026-04-15 02:10:00,87,66,on,on,77,off,86.0,Yes
2026-04-15 02:20:00,87,64,on,on,77,off,86.0,Yes
2026-04-15 02:30:00,87,64,on,on,77,off,86.0,Yes
2026-04-15 02:40:00,88,64,on,on,77,off,86.0,Yes
2026-04-15 02:50:00,88,64,on,on,77,off,86.0,Yes
2026-04-15 03:00:00,88,64,on,on,77,off,86.0,Yes
2026-04-15 03:10:00,88,63,on,on,77,off,86.0,Yes
2026-04-15 03:20:00,88,63,on,on,77,off,86.0,Yes
2026-04-15 03:30:00,88,63,off,on,65,off,86.0,Yes
2026-04-15 03:40:00,88,63,on,on,77,off,86.0,Yes
2026-04-15 03:50:00,88,63,on,on,77,off,86.0,Yes
2026-04-15 04:00:00,88,63,on,on,77,off,86.0,Yes
2026-04-15 04:10:00,88,63,on,on,77,off,86.0,Yes
2026-04-15 04:20:00,88,63,on,on,77,off,86.0,Yes
2026-04-15 04:30:00,88,63,on,on,77,off,86.0,Yes
2026-04-15 04:40:00,88,61,on,on,77,off,86.0,Yes
2026-04-15 04:50:00,88,61,on,on,77,off,86.0,Yes
2026-04-15 05:00:00,87,61,on,on,77,off,86.0,Yes
2026-04-15 05:10:00,87,61,on,on,77,off,86.0,Yes
2026-04-15 05:20:00,87,61,on,on,77,off,86.0,Yes
2026-04-15 05:30:00,87,61,on,on,77,off,86.0,Yes
2026-04-15 05:40:00,87,61,on,on,77,off,86.0,Yes
2026-04-15 05:50:00,87,61,on,on,77,off,86.0,Yes
2026-04-15 06:00:00,87,61,on,on,77,off,86.0,Yes
2026-04-15 06:10:00,87,61,on,on,77,off,86.0,Yes
2026-04-15 06:20:00,87,61,on,on,77,off,86.0,Yes
2026-04-15 06:30:00,87,61,on,on,77,off,86.0,Yes
2026-04-15 06:40:00,87,61,on,on,77,off,86.0,Yes
2026-04-15 06:50:00,86,59,on,on,77,off,86.0,Yes
2026-04-15 07:00:00,86,59,on,on,77,off,86.0,Yes
2026-04-15 07:10:00,87,59,on,on,77,off,86.0,Yes
2026-04-15 07:20:00,86,59,on,on,77,off,86.0,Yes
2026-04-15 07:30:00,86,61,on,on,77,off,86.0,Yes
2026-04-15 07:40:00,87,61,on,on,77,off,86.0,Yes
2026-04-15 07:50:00,86,63,on,on,77,off,86.0,Yes
2026-04-15 08:00:00,86,64,on,on,77,off,86.0,Yes
2026-04-15 08:10:00,86,64,on,on,77,on,86.0,Yes
2026-04-15 08:20:00,86,66,on,on,77,on,86.0,Yes
2026-04-15 08:30:00,87,68,on,on,77,on,86.0,Yes
2026-04-15 08:40:00,87,70,on,on,77,on,86.0,Yes
2026-04-15 22:38:01,unavailable,72,unavailable,unavailable,unavailable,unavailable,84.0,Yes
2026-04-15 22:50:04,unavailable,72,unavailable,unavailable,unavailable,unavailable,84.0,Yes
2026-04-15 23:00:00,87,70,on,on,77,open,84.0,Yes
2026-04-15 23:10:00,87,70,on,on,77,open,84.0,Yes
2026-04-15 23:20:00,87,70,on,on,77,open,84.0,Yes
2026-04-15 23:30:00,87,70,on,on,77,open,84.0,Yes
2026-04-15 23:40:00,87,70,on,on,77,open,84.0,Yes
2026-04-15 23:50:00,87,70,on,on,77,open,84.0,Yes
2026-04-16 00:00:00,87,68,on,on,77,open,88.0,Yes
2026-04-16 00:10:00,87,68,on,on,77,open,88.0,Yes
2026-04-16 00:20:00,87,68,on,on,77,open,88.0,Yes
2026-04-16 00:30:00,87,68,on,on,77,open,88.0,Yes
2026-04-16 00:40:00,87,66,on,on,77,open,88.0,Yes
2026-04-16 00:50:00,87,66,on,on,77,open,88.0,Yes
2026-04-16 01:00:00,87,66,on,on,77,open,88.0,Yes
2026-04-16 01:10:00,87,66,on,on,77,open,88.0,Yes
2026-04-16 01:20:00,87,64,on,on,77,open,88.0,Yes
2026-04-16 01:30:00,87,64,on,on,77,open,88.0,Yes
2026-04-16 01:40:00,87,64,on,on,77,open,88.0,Yes
2026-04-16 01:50:00,87,64,on,on,77,open,88.0,Yes
2026-04-16 02:00:00,87,64,on,on,77,open,88.0,Yes
2026-04-16 02:10:00,87,64,on,on,77,open,88.0,Yes
2026-04-16 02:20:00,87,64,on,on,77,open,88.0,Yes
2026-04-16 02:30:00,87,63,on,on,77,open,88.0,Yes
2026-04-16 02:40:00,87,63,on,on,77,open,88.0,Yes
2026-04-16 02:50:00,87,64,on,on,77,open,88.0,Yes
2026-04-16 03:00:00,87,64,on,on,77,open,88.0,Yes
2026-04-16 03:10:00,87,63,on,on,77,open,88.0,Yes
2026-04-16 03:20:00,87,63,on,on,77,open,88.0,Yes
2026-04-16 03:30:00,87,63,on,on,77,open,88.0,Yes
2026-04-16 03:40:00,87,63,on,on,77,open,88.0,Yes
2026-04-16 03:50:00,87,63,on,on,77,open,88.0,Yes
2026-04-16 04:00:00,87,63,on,on,77,open,88.0,Yes
2026-04-16 04:10:00,87,63,on,on,77,open,88.0,Yes
2026-04-16 04:20:00,87,63,on,on,77,open,88.0,Yes
2026-04-16 04:30:00,87,61,on,on,77,open,88.0,Yes
2026-04-16 04:40:00,87,61,on,on,77,open,88.0,Yes
2026-04-16 04:50:00,87,61,on,on,77,open,88.0,Yes
2026-04-16 05:00:00,87,61,on,on,77,open,86.0,Yes
2026-04-16 05:10:00,87,61,on,on,77,open,86.0,Yes
2026-04-16 05:20:00,87,61,on,on,77,open,86.0,Yes
2026-04-16 05:30:00,87,61,on,on,77,open,86.0,Yes
2026-04-16 05:40:00,87,61,on,on,77,open,86.0,Yes
2026-04-16 05:50:00,87,61,on,on,77,open,86.0,Yes
2026-04-16 06:00:00,87,59,on,on,77,open,86.0,Yes
2026-04-16 06:10:00,87,59,on,on,77,open,86.0,Yes
2026-04-16 06:20:00,87,59,on,on,77,open,86.0,Yes
2026-04-16 06:30:00,87,59,on,on,77,open,86.0,Yes
2026-04-16 06:40:00,87,59,on,on,77,open,86.0,Yes
2026-04-16 06:50:00,87,59,on,on,77,open,86.0,Yes
2026-04-16 07:00:00,87,59,on,on,77,open,86.0,Yes
2026-04-16 07:10:00,87,59,on,on,77,open,86.0,Yes
2026-04-16 07:20:00,87,59,on,on,77,open,86.0,Yes
2026-04-16 07:30:00,87,59,on,on,77,open,86.0,Yes
2026-04-16 07:40:00,87,61,on,on,77,open,86.0,Yes
2026-04-16 07:50:00,87,63,on,on,77,open,86.0,Yes
2026-04-16 08:00:00,87,63,on,on,77,open,86.0,Yes
2026-04-16 08:10:00,87,64,on,on,77,open,86.0,Yes
2026-04-16 08:20:00,87,66,on,on,77,open,86.0,Yes
2026-04-16 08:30:00,87,68,on,on,77,open,86.0,Yes
2026-04-16 08:40:00,87,68,on,on,77,open,86.0,Yes
2026-04-16 08:50:00,84,70,off,on,77,closed,86.0,Yes
2026-04-16 09:00:00,84,72,off,on,77,closed,86.0,Yes
2026-04-16 09:10:00,84,72,off,on,77,closed,86.0,Yes
2026-04-16 09:20:00,84,72,off,on,77,closed,86.0,Yes
2026-04-16 09:30:00,84,73,off,on,77,closed,86.0,Yes
2026-04-16 12:50:00,85,81,off,on,77,open,86.0,Yes
2026-04-16 13:00:00,85,82,off,on,77,open,86.0,Yes
2026-04-16 13:10:00,85,82,off,on,77,open,86.0,Yes
2026-04-16 13:20:00,85,82,off,on,77,open,86.0,Yes
2026-04-16 13:30:00,85,84,off,on,77,open,86.0,Yes
2026-04-16 13:40:00,85,82,off,on,77,open,86.0,Yes
2026-04-16 13:50:00,85,82,off,on,77,open,86.0,Yes
2026-04-16 14:00:00,85,84,off,on,77,open,86.0,Yes
2026-04-16 14:10:00,85,86,off,on,77,open,86.0,Yes
2026-04-16 14:20:00,85,84,off,on,77,open,86.0,Yes
2026-04-16 14:30:00,85,84,off,on,77,open,86.0,Yes
2026-04-16 14:40:00,85,86,off,on,77,open,86.0,Yes
2026-04-16 14:50:00,85,84,off,on,77,open,86.0,Yes
2026-04-16 15:00:00,85,84,off,on,77,open,86.0,Yes
2026-04-16 15:10:00,85,84,off,on,77,open,86.0,Yes
2026-04-16 15:20:00,85,86,off,on,77,open,86.0,Yes
2026-04-16 15:30:00,85,86,off,on,77,open,86.0,Yes
2026-04-16 15:40:00,85,86,off,on,77,open,86.0,Yes
2026-04-16 15:50:00,85,86,off,on,77,open,86.0,Yes
2026-04-16 16:00:00,85,86,off,on,77,open,86.0,Yes
2026-04-16 16:10:00,85,86,off,on,77,open,86.0,Yes
2026-04-16 16:20:00,85,86,off,on,77,open,86.0,Yes
2026-04-16 16:30:00,85,86,off,on,77,open,86.0,Yes
2026-04-16 16:40:00,85,86,off,on,77,open,86.0,Yes
2026-04-16 16:50:00,85,86,off,on,77,open,86.0,Yes
2026-04-16 17:00:00,85,86,off,on,77,open,86.0,Yes
2026-04-16 17:10:00,85,86,off,on,77,open,86.0,Yes
2026-04-16 17:20:00,85,86,off,on,77,open,86.0,Yes
2026-04-16 17:30:00,85,86,off,on,77,open,86.0,Yes
2026-04-16 17:40:00,85,86,off,on,77,open,86.0,Yes
2026-04-16 17:50:00,85,86,off,on,77,open,86.0,Yes
2026-04-16 18:00:00,85,86,off,on,77,open,86.0,Yes
2026-04-16 18:10:00,85,84,off,on,77,open,86.0,Yes
2026-04-16 18:20:00,85,86,off,on,77,open,86.0,Yes
2026-04-16 18:30:00,85,84,off,on,77,open,86.0,Yes
2026-04-16 18:40:00,85,84,off,on,77,open,86.0,Yes
2026-04-16 18:50:00,85,84,off,on,77,open,86.0,Yes
2026-04-16 19:00:00,85,84,off,on,77,open,86.0,Yes
2026-04-16 19:10:00,85,82,off,on,77,open,86.0,Yes
2026-04-16 19:20:00,85,82,off,on,77,open,86.0,Yes
2026-04-16 19:30:00,85,82,off,on,77,open,86.0,Yes
2026-04-16 19:40:00,85,81,off,on,77,open,86.0,Yes
2026-04-16 19:50:00,85,81,off,on,77,open,86.0,Yes
2026-04-16 20:00:00,85,79,off,on,77,open,86.0,Yes
2026-04-16 20:10:00,85,79,off,on,77,open,86.0,Yes
2026-04-16 20:20:00,85,79,off,on,77,open,86.0,Yes
2026-04-16 20:30:00,85,77,off,on,77,open,86.0,Yes
2026-04-16 20:40:00,85,75,off,on,77,open,86.0,Yes
2026-04-16 20:50:00,85,77,off,on,77,open,86.0,Yes
2026-04-16 21:00:00,85,77,off,on,77,open,86.0,Yes
2026-04-16 21:10:00,85,77,off,on,77,open,86.0,Yes
2026-04-16 21:20:00,85,75,off,on,77,open,86.0,Yes
2026-04-16 21:30:00,85,75,off,on,77,open,86.0,Yes
2026-04-16 21:40:00,85,75,off,on,77,open,86.0,Yes
2026-04-16 21:50:00,85,75,off,on,77,open,86.0,Yes
2026-04-16 22:00:00,85,73,off,on,77,open,86.0,Yes
2026-04-16 22:10:00,85,73,off,on,77,open,86.0,Yes
2026-04-16 22:20:00,85,73,off,on,77,open,86.0,Yes
2026-04-16 22:30:00,85,73,off,on,77,open,86.0,Yes
2026-04-16 22:40:00,85,73,off,on,77,open,86.0,Yes
2026-04-16 22:50:00,85,73,off,on,77,open,86.0,Yes
2026-04-16 23:00:00,85,72,off,on,77,open,86.0,Yes
2026-04-16 23:10:00,85,72,off,on,77,open,86.0,Yes
2026-04-16 23:20:00,85,72,off,on,77,open,86.0,Yes
2026-04-16 23:30:00,85,72,off,on,77,open,86.0,Yes
2026-04-16 23:40:00,85,72,off,on,77,open,86.0,Yes
2026-04-16 23:50:00,85,72,off,on,77,open,86.0,Yes
2026-04-17 00:00:00,85,70,off,on,77,open,90.0,Yes
2026-04-17 00:10:00,85,70,off,on,77,open,90.0,Yes
2026-04-17 00:20:00,85,70,off,on,77,open,90.0,Yes
2026-04-17 00:30:00,85,70,off,on,77,open,90.0,Yes
2026-04-17 00:40:00,85,70,off,on,77,open,90.0,Yes
2026-04-17 00:50:00,85,70,off,on,77,open,90.0,Yes
2026-04-17 01:00:00,85,70,off,on,77,open,90.0,Yes
2026-04-17 01:10:00,85,70,off,on,77,open,90.0,Yes
2026-04-17 01:20:00,85,70,off,on,77,open,90.0,Yes
2026-04-17 01:30:00,85,70,off,on,77,open,90.0,Yes
2026-04-17 01:40:00,85,68,off,on,77,open,90.0,Yes
2026-04-17 01:50:00,85,68,off,on,77,open,90.0,Yes
2026-04-17 02:00:00,85,68,off,on,77,open,90.0,Yes
2026-04-17 02:10:00,85,68,off,on,77,open,90.0,Yes
2026-04-17 02:20:00,85,68,off,on,77,open,90.0,Yes
2026-04-17 02:30:00,85,68,off,on,77,open,90.0,Yes
2026-04-17 02:40:00,85,68,off,on,77,open,90.0,Yes
2026-04-17 02:50:00,85,68,off,on,77,open,90.0,Yes
2026-04-17 03:00:00,85,66,off,on,77,open,90.0,Yes
2026-04-17 03:10:00,85,66,off,on,77,open,90.0,Yes
2026-04-17 03:20:00,85,66,off,on,77,open,90.0,Yes
2026-04-17 03:30:00,85,64,off,on,77,open,90.0,Yes
2026-04-17 03:40:00,85,64,off,on,77,open,90.0,Yes
2026-04-17 03:50:00,85,64,off,on,77,open,90.0,Yes
2026-04-17 04:00:00,85,64,off,on,77,open,90.0,Yes
2026-04-17 04:10:00,85,64,off,on,77,open,90.0,Yes
2026-04-17 04:20:00,85,64,off,on,77,open,90.0,Yes
2026-04-17 04:30:00,85,64,off,on,77,open,90.0,Yes
2026-04-17 04:40:00,85,64,off,on,77,open,90.0,Yes
2026-04-17 04:50:00,85,64,off,on,77,open,90.0,Yes
2026-04-17 05:00:00,85,64,off,on,77,open,90.0,Yes
2026-04-17 05:10:00,85,63,off,on,77,open,90.0,Yes
2026-04-17 05:20:00,85,63,off,on,77,open,90.0,Yes
2026-04-17 05:30:00,85,63,off,on,77,open,90.0,Yes
2026-04-17 05:40:00,85,63,off,on,77,open,90.0,Yes
2026-04-17 05:50:00,85,63,off,on,77,open,90.0,Yes
2026-04-17 06:00:00,85,63,off,on,77,open,90.0,Yes
2026-04-17 06:10:00,85,61,off,on,77,open,90.0,Yes
2026-04-17 06:20:00,85,61,off,on,77,open,90.0,Yes
2026-04-17 06:30:00,85,61,off,on,77,open,90.0,Yes
2026-04-17 06:40:00,85,61,off,on,77,open,90.0,Yes
2026-04-17 06:50:00,85,61,off,on,77,open,90.0,Yes
2026-04-17 07:00:00,85,61,off,on,77,open,90.0,Yes
2026-04-17 07:10:00,85,61,off,on,77,open,90.0,Yes
2026-04-17 07:20:00,85,61,off,on,77,open,90.0,Yes
2026-04-17 07:30:00,85,63,off,on,77,open,90.0,Yes
2026-04-17 07:40:00,85,63,off,on,77,open,90.0,Yes
2026-04-17 07:50:00,85,64,off,on,77,open,90.0,Yes
2026-04-17 08:00:00,85,66,off,on,77,open,90.0,Yes
2026-04-17 08:10:00,85,66,off,on,77,open,90.0,Yes
2026-04-17 08:20:00,85,68,off,on,77,open,90.0,Yes
2026-04-17 08:30:00,85,68,off,on,77,open,90.0,Yes
2026-04-17 08:40:00,85,70,off,on,77,open,90.0,Yes
2026-04-17 08:50:00,85,72,off,on,77,open,90.0,Yes
2026-04-17 09:00:00,85,None,off,on,77,open,90.0,Yes
2026-04-17 09:10:00,85,75,off,on,77,open,90.0,Yes
2026-04-17 09:20:00,88,72,off,on,65,open,90.0,Yes
2026-04-17 09:30:00,88,72,on,on,65,open,90.0,Yes
2026-04-17 09:40:00,88,75,on,on,65,open,90.0,Yes
2026-04-17 09:50:00,88,75,on,on,65,open,90.0,Yes
2026-04-17 10:00:00,88,75,on,on,65,open,90.0,Yes
2026-04-17 10:10:00,88,75,on,on,65,open,90.0,Yes
2026-04-17 10:20:00,88,77,on,on,65,open,90.0,Yes
2026-04-17 10:30:00,88,77,on,on,65,open,90.0,Yes
2026-04-17 10:40:00,88,77,on,on,65,open,90.0,Yes
2026-04-17 10:50:00,88,77,on,on,65,open,90.0,Yes
2026-04-17 11:00:00,88,79,on,on,65,open,90.0,Yes
2026-04-17 11:10:00,88,79,on,on,65,open,90.0,Yes
2026-04-17 11:20:00,88,79,on,on,65,open,90.0,Yes
2026-04-17 11:30:00,88,81,on,on,65,open,90.0,Yes
2026-04-17 11:40:00,88,81,on,on,65,open,90.0,Yes
2026-04-17 11:50:00,88,82,on,on,65,open,90.0,Yes
2026-04-17 12:00:00,88,82,on,on,65,open,90.0,Yes
